sales_method,customers,avg_revenue,avg_nb_sold,avg_revenue_per_unit,avg_revenue_per_min,avg_effort_min
Call,4780,47.596866108786614,9.500836820083682,5.013627093635096,1.5865622036262204,30
Email,6921,97.1276708568126,9.723016905071521,10.002010111426886,97.1276708568126,1
Email + Call,2223,183.651232568601,12.18668466036887,15.07487386442717,16.695566597145543,11
