sales_method,customers,avg_revenue,sd_revenue,avg_nb_sold
Call,4780,47.596866108786614,8.610699464728691,24.421757322175733
Email,6921,97.1276708568126,11.211278933545143,24.73414246496171
Email + Call,2223,183.651232568601,29.083924296516305,26.73864147548358
